﻿IP,DNS,NetBIOS,Tracking Method,OS,IP Status,QID,Title,Vuln Status,Type,Severity,Port,Protocol,FQDN,SSL,First Detected,Last Detected,Times Detected,Date Last Fixed,First Reopened,Last Reopened,Times Reopened,CVE ID,Vendor Reference,Bugtraq ID,Threat,Impact,Solution,Exploitability,Results,PCI Vuln,Ticket State,Instance,Category
172.22.228.187,cmtjpmcdev02.virtusa.com,CMTJPMCDEV02,QAGENT,Windows 10 Enterprise 64 bit Edition Version 2009,"host scanned, found vuln",91842,Microsoft Windows 10 Elevation of Privilege Vulnerability (Zero-day),Active,Vuln,5,,,,,12/16/2021 21:19:46,12/20/2021 18:55:10,21,,,,,,,,"An unpatched (zero-day) Windows security vulnerability could allow Information disclosure and Local Privilege Escalation (LPE) on vulnerable systems 

The incompletely patched vulnerability for CVE-2021-24084 could also be exploited to gain administrator privileges and run malicious code on Windows 10 machines running the latest security updates.

 

Affected Software: 
Windows 10 Version 20H2 
Windows 10 Version 21H1 
Windows 10 Version 2004 
Windows 10 Version 1909 
Windows 10 Version 1903 
Windows 10 Version 1809 


 Note: Windows Servers, Windows 11, Windows 10(Version 1803 and earlier) are not affected.","The vulnerable functionality exists under the ""access work or school"" settings. A normal user can make use of the ""export your management log files"" function, which triggers the Device Management Enrollment Service.",There are no vendor supplied patches available at this time.,,Microsoft Windows 10 Elevation of Privilege Vulnerability (Zero-Day) Detected#,yes,Open,,Windows
172.22.228.187,cmtjpmcdev02.virtusa.com,CMTJPMCDEV02,QAGENT,Windows 10 Enterprise 64 bit Edition Version 2009,"host scanned, found vuln",370842,Intel Graphics Driver Type Confusion vulnerability in Content Protection HECI Service (INTEL-SA-00095),Active,Vuln,4,,,,,12/16/2021 21:19:46,12/20/2021 18:55:10,21,,,,,CVE-2017-5717,INTEL-SA-00095,,"The Intel Content Protection HECI Service has a Type Confusion vulnerability which potentially can lead to a privilege escalation. 
The HECI service software is distributed as part of the Intel Graphics Driver, and is used by the graphics driver to provide premium content playback services. 

Affected products: 
Driver code Branch 15.49 
Driver code Branch 15.47 
Driver code Branch 15.46 
Driver code Branch 15.45 
Driver code Branch 15.40 
Driver code Branch 15.36 
Driver code Branch 15.33 

QID Detection Logic(Authenticated) : 
It checks for vulnerable version of Intel Graphics Driver",Successfull exploitation of this vulnerability can potentially lead to a privilege escalation.,"Intel recommends users update to the latest version 
For more information refer advisory INTEL-SA-00095 (https://security-center.intel.com/advisory.aspx?intelid=INTEL-SA-00095&languageid=en-fr) for additional information .
 Patch: 
Following are links for downloading patches to fix the vulnerabilities:
  INTEL-SA-00095 (https://security-center.intel.com/advisory.aspx?intelid=INTEL-SA-00095&languageid=en-fr)","Source: The Exploit-DB
Reference:CVE-2017-5717
Description:Intel Content Protection HECI Service - Type Confusion Privilege Escalation - The Exploit-DB Ref : 43373
Link:http://www.exploit-db.com/exploits/43373","%SystemRoot%\SysWow64\IntelCpHeciSvc.exe   found 
%SystemRoot%\SysWow64\IntelOpenCL32.dll  Version is  20.19.15.4474#",yes,Open,,Local
172.22.228.187,cmtjpmcdev02.virtusa.com,CMTJPMCDEV02,QAGENT,Windows 10 Enterprise 64 bit Edition Version 2009,"host scanned, found vuln",91848,Windows AppX Installer Spoofing Vulnerability,Active,Vuln,4,,,,,12/16/2021 21:19:46,12/20/2021 18:55:10,21,,,,,CVE-2021-43890,CVE-2021-43890,,"CVE-2021-43890: Windows AppX Installer Spoofing Vulnerability 

Affected Products: 
Windows 10 version Windows 10 version 1809 and later. 
Windows 10 version 1709 or Windows 10 version 1803. 

QID Detection Logic (authenticated): 
The detection gets the version of Microsoft.DesktopAppInstaller by querying wmi class Win32_InstalledStoreProgram.",An attacker could craft a malicious attachment to be used in phishing campaigns,"Please refer to the CVE-2021-43890 (https://msrc.microsoft.com/update-guide/vulnerability/CVE-2021-43890). Workaround: Option1: Enable the following GPO to prevent non-admins from installing any Windows App packages.

BlockNonAdminUserInstall- This policy setting manages the ability of non-administrator users to install (signed) Windows app packages. When enabled (value: 1), non-administrator users will be unable to initiate the installation of (signed) Windows app packages. 

Option2: Enable this GPO to prevent installing apps from outside the Microsoft Store
AllowAllTrustedAppToInstall- This policy setting allows you to manage the installation of trusted line-of-business (LOB) or developer-signed Windows Store apps.If you enable this policy setting, you can install any LOB or developer-signed Windows Store app (which must be signed with a certificate chain that can be successfully validated by the local computer) 

Option3: Disable the ms-appinstaller protocol to install apps directly from a website.
ms-appinstaller- This will block all attempts to invoke the protocol from the browser. Specifically, how that looks to the user will depend on the construction of the page that tries to launch the protocol. 
 Patch: 
Following are links for downloading patches to fix the vulnerabilities:
  CVE-2021-43890 (https://msrc.microsoft.com/update-guide/vulnerability/CVE-2021-43890)",,"Microsoft vulnerable Microsoft Desktop Installer detected 
Version     '1.4.3161.0' 
Version     '1.16.12653.0'#",yes,Open,,Windows
172.22.228.187,cmtjpmcdev02.virtusa.com,CMTJPMCDEV02,QAGENT,Windows 10 Enterprise 64 bit Edition Version 2009,"host scanned, found vuln",371696,Intel Graphics Driver Multiple Vulnerabilities(INTEL-SA-00189),Active,Vuln,3,,,,,12/16/2021 21:19:46,12/20/2021 18:55:10,21,,,,,"CVE-2018-12209, CVE-2018-12210, CVE-2018-12211, CVE-2018-12212, CVE-2018-12213, CVE-2018-12214, CVE-2018-12215, CVE-2018-12216, CVE-2018-12217, CVE-2018-12218, CVE-2018-12219, CVE-2018-12220, CVE-2018-12221, CVE-2018-12222, CVE-2018-12223, CVE-2018-12224, CVE-2018-18089, CVE-2018-18090, CVE-2018-18091",INTEL-SA-00189,,"An Intel graphics driver is the software that allows your operating system and programs to use your computer's graphics hardware. 
Security vulnerabilities in Intel Graphics Drivers: 
Multiple potential security vulnerabilities in Intel Graphics Driver for Windows may allow escalation of privileges, denial of service or information disclosure. 
Affected Products: 
Intel Graphics Drivers before 10.18.x.5059 (aka 15.33.x.5059), 10.18.x.5057 (aka 15.36.x.5057), 20.19.x.5063 (aka 15.40.x.5063) 21.20.x.5064 (aka 15.45.x.5064) and 24.20.100.6373. 

QID Detection Logic(Authenticated) : 
It checks for  file ""IntelCpHeciSvc.exe"" exist and then checks for file  ""IntelOpenCL32.dll"" version of Intel Graphics Driver.",Successful exploitation of these vulnerabilities could allow potentially enables an unprivileged user to cause a denial of service via local access.,"Intel recommends users update to the latest version. 
For more information refer advisory INTEL-SA-00189 (https://www.intel.com/content/www/us/en/security-center/advisory/INTEL-SA-00189.html) for additional information.
 Patch: 
Following are links for downloading patches to fix the vulnerabilities:
  INTEL-SA-00189 (https://www.intel.com/content/www/us/en/security-center/advisory/INTEL-SA-00189.html)",,%SystemRoot%\SysWow64\IntelOpenCL32.dll  Version is  20.19.15.4474#,yes,Open,,Local
172.22.228.187,cmtjpmcdev02.virtusa.com,CMTJPMCDEV02,QAGENT,Windows 10 Enterprise 64 bit Edition Version 2009,"host scanned, found vuln",371263,Intel Graphics Driver Multiple Vulnerabilities(INTEL-SA-00166),Active,Vuln,3,,,,,12/16/2021 21:19:46,12/20/2021 18:55:10,21,,,,,"CVE-2018-12152, CVE-2018-12153, CVE-2018-12154",INTEL-SA-00166,105582,"Multiple security vulnerabilities in Intel Graphics Drivers may allow escalation of privilege or denial of service. 
CVE-2018-12152:Pointer corruption in Unified Shader Compiler in Intel(R) Graphics Drivers. 
CVE-2018-12153:Denial of Service in Unified Shader Compiler in Intel(R) Graphics Drivers. 
CVE-2018-12154:Denial of Service in Unified Shader Compiler in Intel(R) Graphics Drivers. 

Affected Products: 
Intel Graphics Drivers before 10.18.x.5056 (aka 15.33.x.5056), 10.18.x.5057 (aka 15.36.x.5057) and 20.19.x.5058 (aka 15.40.x.5058). 

QID Detection Logic(Authenticated) : 
It checks for  file ""IntelCpHeciSvc.exe"" exist and then checks for file  ""IntelOpenCL32.dll"" version of Intel Graphics Driver.",Successfully exploiting these issues may allow an attacker to execute arbitrary code in the context of affected application or cause denial-of-service conditions,"Intel recommends users update to the latest version. 
For more information refer advisory INTEL-SA-00166 (https://www.intel.com/content/www/us/en/security-center/advisory/intel-sa-00166.html) for additional information.
 Patch: 
Following are links for downloading patches to fix the vulnerabilities:
  INTEL-SA-00166: Windows (https://www.intel.com/content/www/us/en/security-center/advisory/intel-sa-00166.html)",,"%SystemRoot%\SysWow64\IntelCpHeciSvc.exe   found 
%SystemRoot%\SysWow64\IntelOpenCL32.dll  Version is  20.19.15.4474#",yes,Open,,Local
172.22.228.187,cmtjpmcdev02.virtusa.com,CMTJPMCDEV02,QAGENT,Windows 10 Enterprise 64 bit Edition Version 2009,"host scanned, found vuln",91850,Microsoft Office app Remote Code Execution (RCE) Vulnerability,Active,Vuln,3,,,,,12/16/2021 21:19:46,12/20/2021 18:55:10,21,,,,,CVE-2021-43905,CVE-2021-43905,,"Microsoft Office app is prone to Remote Code Execution Vulnerability. 
Affected Software: 
App versions prior to 18.2110.13110.0 
Detection Logic: (Authenticated) 
The detection gets the version of MicrosoftOfficeHub by querying wmi class Win32_InstalledStoreProgram.",Successful exploitation allows attacker to execute arbitrary code.,"Users are advised to check /CVE-2021-43905 (https://msrc.microsoft.com/update-guide/vulnerability//CVE-2021-43905) for more information. 
 Patch: 
Following are links for downloading patches to fix the vulnerabilities:
  CVE-2021-43905 (https://msrc.microsoft.com/update-guide/vulnerability/CVE-2021-43905)",,"Microsoft vulnerable Office app detected 
Version     '18.2106.12410.0' 
Version     '17.10314.31700.1000'#",yes,Open,,Windows
172.22.228.187,cmtjpmcdev02.virtusa.com,CMTJPMCDEV02,QAGENT,Windows 10 Enterprise 64 bit Edition Version 2009,"host scanned, found vuln",91847,Microsoft Windows VP9 Video Extension Information Disclosure Vulnerability,Active,Vuln,3,,,,,12/16/2021 21:19:46,12/20/2021 18:55:10,21,,,,,CVE-2021-43243,CVE-2021-43243,,"Microsoft has disclosed Information Disclosure Vulnerability in Windows VP9 Video Extensions. 

Affected Product: 
VP9 Video Extensions prior to version prior to 1.0.42791.0 

QID detection Logic: 
The detection gets the version of VP9VideoExtension by querying wmi class Win32_InstalledStoreProgram.",The type of information that could be disclosed if an attacker successfully exploited this vulnerability is uninitialized memory.,"Users are advised to check CVE-2021-43243 (https://msrc.microsoft.com/update-guide/vulnerability/CVE-2021-43243) for more information. 
 Patch: 
Following are links for downloading patches to fix the vulnerabilities:
  CVE-2021-43243 (https://msrc.microsoft.com/update-guide/vulnerability/CVE-2021-43243)",,"Microsoft vulnerable Microsoft.VP9VideoExtensions detected 
Version     '1.0.41182.0'#",yes,Open,,Windows
172.22.228.187,cmtjpmcdev02.virtusa.com,CMTJPMCDEV02,QAGENT,Windows 10 Enterprise 64 bit Edition Version 2009,"host scanned, found vuln",91840,Microsoft Windows Elevation of Privilege Vulnerability (Zero day),Active,Vuln,3,,,,,12/16/2021 21:19:46,12/20/2021 18:55:10,21,,,,,CVE-2021-41379,,, This vulnerability allows an attacker with a standard (limited) user account to elevate their privileges to become an administrator. An attacker can leverage this vulnerability to escalate privileges and execute arbitrary code in the context of SYSTEM. This vulnerability works in every supporting windows installation. Including November 2021 patch.,"Successful Exploit could use discretionary access control list (DACL) for Microsoft Edge Elevation Service (MicrosoftEdgeElevationService) which is a Win32 service to replace any executable file on the system with an MSI file, allowing an attacker to run code as an administrator.",There are no vendor supplied patches available at this time.,,Microsoft Windows Elevation of Privilege Vulnerability - Zero Day Detected#,yes,Open,,Windows
172.22.128.144,cmveradbprod01,CMVERADBPROD01,QAGENT,Windows Server 2016 Standard 64 bit Edition Version 1607,"host scanned, found vuln",91840,Microsoft Windows Elevation of Privilege Vulnerability (Zero day),Active,Vuln,3,,,,,11/24/2021 11:17:54,12/20/2021 17:58:08,124,,,,,CVE-2021-41379,,, This vulnerability allows an attacker with a standard (limited) user account to elevate their privileges to become an administrator. An attacker can leverage this vulnerability to escalate privileges and execute arbitrary code in the context of SYSTEM. This vulnerability works in every supporting windows installation. Including November 2021 patch.,"Successful Exploit could use discretionary access control list (DACL) for Microsoft Edge Elevation Service (MicrosoftEdgeElevationService) which is a Win32 service to replace any executable file on the system with an MSI file, allowing an attacker to run code as an administrator.",There are no vendor supplied patches available at this time.,,Microsoft Windows Elevation of Privilege Vulnerability - Zero Day Detected#,yes,Open,,Windows
172.22.128.142,cmverawbprod01.virtusa.com,CMVERAWBPROD01,QAGENT,Windows Server 2016 Standard 64 bit Edition Version 1607,"host scanned, found vuln",91840,Microsoft Windows Elevation of Privilege Vulnerability (Zero day),Active,Vuln,3,,,,,11/24/2021 16:05:57,12/20/2021 18:13:00,130,,,,,CVE-2021-41379,,, This vulnerability allows an attacker with a standard (limited) user account to elevate their privileges to become an administrator. An attacker can leverage this vulnerability to escalate privileges and execute arbitrary code in the context of SYSTEM. This vulnerability works in every supporting windows installation. Including November 2021 patch.,"Successful Exploit could use discretionary access control list (DACL) for Microsoft Edge Elevation Service (MicrosoftEdgeElevationService) which is a Win32 service to replace any executable file on the system with an MSI file, allowing an attacker to run code as an administrator.",There are no vendor supplied patches available at this time.,,Microsoft Windows Elevation of Privilege Vulnerability - Zero Day Detected#,yes,Open,,Windows
172.22.128.142,cmverawbprod01.virtusa.com,CMVERAWBPROD01,QAGENT,Windows Server 2016 Standard 64 bit Edition Version 1607,"host scanned, found vuln",70000,NetBIOS Name Accessible,Active,Vuln,2,,,,,02/28/2021 01:42:46,11/03/2021 00:10:31,20,07/13/2021 01:37:58,06/29/2021 00:58:40,11/01/2021 12:32:56,2,,,,Unauthorized users can obtain this host's NetBIOS server name from a remote system.,Unauthorized users can obtain the list of NetBIOS servers on your network.  This list outlines trust relationships between server and client computers.  Unauthorized users can therefore use a vulnerable host to penetrate secure servers.,"If the NetBIOS service is not required on this host, disable it. Otherwise, block any NetBIOS traffic at your network boundaries.",,CMVERAWBPROD01#,no,Open,,SMB / NETBIOS
172.22.128.17,cmvinsightdlp02,CMVINSIGHTDLP02,QAGENT,Windows Server 2016 Standard 64 bit Edition Version 1607,"host scanned, found vuln",91840,Microsoft Windows Elevation of Privilege Vulnerability (Zero day),Active,Vuln,3,,,,,11/24/2021 13:23:07,12/20/2021 16:49:11,89,,,,,CVE-2021-41379,,, This vulnerability allows an attacker with a standard (limited) user account to elevate their privileges to become an administrator. An attacker can leverage this vulnerability to escalate privileges and execute arbitrary code in the context of SYSTEM. This vulnerability works in every supporting windows installation. Including November 2021 patch.,"Successful Exploit could use discretionary access control list (DACL) for Microsoft Edge Elevation Service (MicrosoftEdgeElevationService) which is a Win32 service to replace any executable file on the system with an MSI file, allowing an attacker to run code as an administrator.",There are no vendor supplied patches available at this time.,,Microsoft Windows Elevation of Privilege Vulnerability - Zero Day Detected#,yes,Open,,Windows
172.22.128.16,cmvinsightdlp01.virtusa.com,CMVINSIGHTDLP01,QAGENT,Windows Server 2016 Standard 64 bit Edition Version 1607,"host scanned, found vuln",91840,Microsoft Windows Elevation of Privilege Vulnerability (Zero day),Active,Vuln,3,,,,,11/24/2021 12:51:06,12/20/2021 18:12:41,128,,,,,CVE-2021-41379,,, This vulnerability allows an attacker with a standard (limited) user account to elevate their privileges to become an administrator. An attacker can leverage this vulnerability to escalate privileges and execute arbitrary code in the context of SYSTEM. This vulnerability works in every supporting windows installation. Including November 2021 patch.,"Successful Exploit could use discretionary access control list (DACL) for Microsoft Edge Elevation Service (MicrosoftEdgeElevationService) which is a Win32 service to replace any executable file on the system with an MSI file, allowing an attacker to run code as an administrator.",There are no vendor supplied patches available at this time.,,Microsoft Windows Elevation of Privilege Vulnerability - Zero Day Detected#,yes,Open,,Windows
10.69.168.191,amvgtotimet01.virtusa.com,AMVGTOTIMET01,QAGENT,Windows Server 2016 Datacenter 64 bit Edition Version 1607,"host scanned, found vuln",91840,Microsoft Windows Elevation of Privilege Vulnerability (Zero day),Active,Vuln,3,,,,,11/24/2021 15:25:36,12/20/2021 15:40:49,135,,,,,CVE-2021-41379,,, This vulnerability allows an attacker with a standard (limited) user account to elevate their privileges to become an administrator. An attacker can leverage this vulnerability to escalate privileges and execute arbitrary code in the context of SYSTEM. This vulnerability works in every supporting windows installation. Including November 2021 patch.,"Successful Exploit could use discretionary access control list (DACL) for Microsoft Edge Elevation Service (MicrosoftEdgeElevationService) which is a Win32 service to replace any executable file on the system with an MSI file, allowing an attacker to run code as an administrator.",There are no vendor supplied patches available at this time.,,Microsoft Windows Elevation of Privilege Vulnerability - Zero Day Detected#,yes,Open,,Windows
10.66.167.15,azvvtaf01.virtusa.com,AZVVTAF01,QAGENT,Windows Server 2019 Datacenter 64 bit Edition Version 1809 Build 17763,"host scanned, found vuln",91840,Microsoft Windows Elevation of Privilege Vulnerability (Zero day),Active,Vuln,3,,,,,11/24/2021 09:54:13,12/20/2021 19:19:37,125,,,,,CVE-2021-41379,,, This vulnerability allows an attacker with a standard (limited) user account to elevate their privileges to become an administrator. An attacker can leverage this vulnerability to escalate privileges and execute arbitrary code in the context of SYSTEM. This vulnerability works in every supporting windows installation. Including November 2021 patch.,"Successful Exploit could use discretionary access control list (DACL) for Microsoft Edge Elevation Service (MicrosoftEdgeElevationService) which is a Win32 service to replace any executable file on the system with an MSI file, allowing an attacker to run code as an administrator.",There are no vendor supplied patches available at this time.,,Microsoft Windows Elevation of Privilege Vulnerability - Zero Day Detected#,yes,Open,,Windows
10.64.228.125,amvtechportal.virtusa.com,AMVTECHPORTAL,QAGENT,Windows Server 2012 R2 Standard 64 bit Edition,"host scanned, found vuln",91840,Microsoft Windows Elevation of Privilege Vulnerability (Zero day),Active,Vuln,3,,,,,11/24/2021 12:35:38,12/20/2021 18:10:54,135,,,,,CVE-2021-41379,,, This vulnerability allows an attacker with a standard (limited) user account to elevate their privileges to become an administrator. An attacker can leverage this vulnerability to escalate privileges and execute arbitrary code in the context of SYSTEM. This vulnerability works in every supporting windows installation. Including November 2021 patch.,"Successful Exploit could use discretionary access control list (DACL) for Microsoft Edge Elevation Service (MicrosoftEdgeElevationService) which is a Win32 service to replace any executable file on the system with an MSI file, allowing an attacker to run code as an administrator.",There are no vendor supplied patches available at this time.,,Microsoft Windows Elevation of Privilege Vulnerability - Zero Day Detected#,yes,Open,,Windows
10.64.228.108,amvgtowiki.virtusa.com,AMVGTOWIKI,QAGENT,Windows Server 2016 Datacenter 64 bit Edition Version 1607,"host scanned, found vuln",91840,Microsoft Windows Elevation of Privilege Vulnerability (Zero day),Active,Vuln,3,,,,,11/24/2021 13:58:07,12/20/2021 18:44:49,144,,,,,CVE-2021-41379,,, This vulnerability allows an attacker with a standard (limited) user account to elevate their privileges to become an administrator. An attacker can leverage this vulnerability to escalate privileges and execute arbitrary code in the context of SYSTEM. This vulnerability works in every supporting windows installation. Including November 2021 patch.,"Successful Exploit could use discretionary access control list (DACL) for Microsoft Edge Elevation Service (MicrosoftEdgeElevationService) which is a Win32 service to replace any executable file on the system with an MSI file, allowing an attacker to run code as an administrator.",There are no vendor supplied patches available at this time.,,Microsoft Windows Elevation of Privilege Vulnerability - Zero Day Detected#,yes,Open,,Windows
10.64.228.36,amvvtaf01.virtusa.com,AMVVTAF01,QAGENT,Windows Server 2019 Datacenter 64 bit Edition Version 1809 Build 17763,"host scanned, found vuln",110396,Microsoft Office Security Update for December 2021,Active,Vuln,4,,,,,12/15/2021 21:51:42,12/20/2021 15:08:03,28,,,,,"CVE-2021-43875, CVE-2021-43256, CVE-2021-43255, CVE-2021-42295, CVE-2021-42293","KB5002103, KB5002105, KB5002098, KB5002097, KB5002101, KB4504745, KB5002033, KB4486726, KB4504710, KB5002104, KB5002099",,"Microsoft has released December 2021 security updates to fix multiple security vulnerabilities. 
This security update contains the following: 
MacOS Release Notes (https://docs.microsoft.com/en-us/officeupdates/release-notes-office-for-mac)  
Office Click-2-Run and Office 365 Release Notes (https://docs.microsoft.com/en-us/officeupdates/microsoft365-apps-security-updates)  
KB5002103 (https://support.microsoft.com/kb/5002103)  
KB5002105 (https://support.microsoft.com/kb/5002105)  
KB5002098 (https://support.microsoft.com/kb/5002098)  
KB5002097 (https://support.microsoft.com/kb/5002097)  
KB5002101 (https://support.microsoft.com/kb/5002101)  
KB4504745 (https://support.microsoft.com/kb/4504745)  
KB5002033 (https://support.microsoft.com/kb/5002033)  
KB4486726 (https://support.microsoft.com/kb/4486726)  
KB4504710 (https://support.microsoft.com/kb/4504710)  
KB5002104 (https://support.microsoft.com/kb/5002104)  
KB5002099 (https://support.microsoft.com/kb/5002099)  

QID Detection Logic: 
This authenticated QID checks the file versions from the Microsoft advisory with the versions on the affected office system. 

Note: Office click-2-run and Office 365 installations need to be updated manually or need to be set to automatic update. There is no direct download for the patch.",Successful exploitation allows an attacker to execute code remotely.,"Refer to Microsoft Security Guidance (https://msrc.microsoft.com/update-guide/en-us) for more details pertaining to this vulnerability. 
MacOS Release Notes (https://docs.microsoft.com/en-us/officeupdates/release-notes-office-for-mac)  
Office Click-2-Run and Office 365 Release Notes (https://docs.microsoft.com/en-us/officeupdates/microsoft365-apps-security-updates)  
KB5002103 (https://support.microsoft.com/kb/5002103)  
KB5002105 (https://support.microsoft.com/kb/5002105)  
KB5002098 (https://support.microsoft.com/kb/5002098)  
KB5002097 (https://support.microsoft.com/kb/5002097)  
KB5002101 (https://support.microsoft.com/kb/5002101)  
KB4504745 (https://support.microsoft.com/kb/4504745)  
KB5002033 (https://support.microsoft.com/kb/5002033)  
KB4486726 (https://support.microsoft.com/kb/4486726)  
KB4504710 (https://support.microsoft.com/kb/4504710)  
KB5002104 (https://support.microsoft.com/kb/5002104)  
KB5002099 (https://support.microsoft.com/kb/5002099)  
 Patch: 
Following are links for downloading patches to fix the vulnerabilities:
  Microsoft Office and Microsoft Office Services and Web Apps Security Update December 2021 (https://msrc.microsoft.com/update-guide/en-us)",,"Office ClicktoRun or Office 365 DECEMBER 2021 Update is not installed  
C:\Program Files\Microsoft Office\root\Office16\GRAPH.EXE  Version is  16.0.13127.21820#",yes,Open,,Office Application
10.64.228.36,amvvtaf01.virtusa.com,AMVVTAF01,QAGENT,Windows Server 2019 Datacenter 64 bit Edition Version 1809 Build 17763,"host scanned, found vuln",91840,Microsoft Windows Elevation of Privilege Vulnerability (Zero day),Active,Vuln,3,,,,,11/24/2021 12:36:25,12/20/2021 15:08:03,135,,,,,CVE-2021-41379,,, This vulnerability allows an attacker with a standard (limited) user account to elevate their privileges to become an administrator. An attacker can leverage this vulnerability to escalate privileges and execute arbitrary code in the context of SYSTEM. This vulnerability works in every supporting windows installation. Including November 2021 patch.,"Successful Exploit could use discretionary access control list (DACL) for Microsoft Edge Elevation Service (MicrosoftEdgeElevationService) which is a Win32 service to replace any executable file on the system with an MSI file, allowing an attacker to run code as an administrator.",There are no vendor supplied patches available at this time.,,Microsoft Windows Elevation of Privilege Vulnerability - Zero Day Detected#,yes,Open,,Windows
10.64.228.5,amuinsighttest.virtusa.com,AMUINSIGHTTEST,QAGENT,Windows Server 2019 Standard 64 bit Edition Version 1809 Build 17763,"host scanned, found vuln",91840,Microsoft Windows Elevation of Privilege Vulnerability (Zero day),Active,Vuln,3,,,,,11/24/2021 13:57:29,12/20/2021 17:44:13,134,,,,,CVE-2021-41379,,, This vulnerability allows an attacker with a standard (limited) user account to elevate their privileges to become an administrator. An attacker can leverage this vulnerability to escalate privileges and execute arbitrary code in the context of SYSTEM. This vulnerability works in every supporting windows installation. Including November 2021 patch.,"Successful Exploit could use discretionary access control list (DACL) for Microsoft Edge Elevation Service (MicrosoftEdgeElevationService) which is a Win32 service to replace any executable file on the system with an MSI file, allowing an attacker to run code as an administrator.",There are no vendor supplied patches available at this time.,,Microsoft Windows Elevation of Privilege Vulnerability - Zero Day Detected#,yes,Open,,Windows
10.64.167.209,amugtfinsight.virtusa.com,AMUGTFINSIGHT,QAGENT,Windows Server 2012 R2 Standard 64 bit Edition,"host scanned, found vuln",91840,Microsoft Windows Elevation of Privilege Vulnerability (Zero day),Active,Vuln,3,,,,,11/24/2021 13:37:59,12/20/2021 16:15:12,110,,,,,CVE-2021-41379,,, This vulnerability allows an attacker with a standard (limited) user account to elevate their privileges to become an administrator. An attacker can leverage this vulnerability to escalate privileges and execute arbitrary code in the context of SYSTEM. This vulnerability works in every supporting windows installation. Including November 2021 patch.,"Successful Exploit could use discretionary access control list (DACL) for Microsoft Edge Elevation Service (MicrosoftEdgeElevationService) which is a Win32 service to replace any executable file on the system with an MSI file, allowing an attacker to run code as an administrator.",There are no vendor supplied patches available at this time.,,Microsoft Windows Elevation of Privilege Vulnerability - Zero Day Detected#,yes,Open,,Windows
10.64.167.150,amupractice01.virtusa.com,AMUPRACTICE01,QAGENT,Windows Server 2019 Standard 64 bit Edition Version 1809 Build 17763,"host scanned, found vuln",91840,Microsoft Windows Elevation of Privilege Vulnerability (Zero day),Active,Vuln,3,,,,,11/24/2021 14:47:48,12/20/2021 17:00:27,132,,,,,CVE-2021-41379,,, This vulnerability allows an attacker with a standard (limited) user account to elevate their privileges to become an administrator. An attacker can leverage this vulnerability to escalate privileges and execute arbitrary code in the context of SYSTEM. This vulnerability works in every supporting windows installation. Including November 2021 patch.,"Successful Exploit could use discretionary access control list (DACL) for Microsoft Edge Elevation Service (MicrosoftEdgeElevationService) which is a Win32 service to replace any executable file on the system with an MSI file, allowing an attacker to run code as an administrator.",There are no vendor supplied patches available at this time.,,Microsoft Windows Elevation of Privilege Vulnerability - Zero Day Detected#,yes,Open,,Windows
10.64.167.135,amugtfhcm1.virtusa.com,AMUGTFHCM1,QAGENT,Windows Server 2012 R2 Standard 64 bit Edition,"host scanned, found vuln",91840,Microsoft Windows Elevation of Privilege Vulnerability (Zero day),Active,Vuln,3,,,,,11/24/2021 14:44:29,12/20/2021 17:02:25,139,,,,,CVE-2021-41379,,, This vulnerability allows an attacker with a standard (limited) user account to elevate their privileges to become an administrator. An attacker can leverage this vulnerability to escalate privileges and execute arbitrary code in the context of SYSTEM. This vulnerability works in every supporting windows installation. Including November 2021 patch.,"Successful Exploit could use discretionary access control list (DACL) for Microsoft Edge Elevation Service (MicrosoftEdgeElevationService) which is a Win32 service to replace any executable file on the system with an MSI file, allowing an attacker to run code as an administrator.",There are no vendor supplied patches available at this time.,,Microsoft Windows Elevation of Privilege Vulnerability - Zero Day Detected#,yes,Open,,Windows
10.64.167.65,amugtodemo02.virtusa.com,AMUGTODEMO02,QAGENT,Windows Server 2012 R2 Standard 64 bit Edition,"host scanned, found vuln",91840,Microsoft Windows Elevation of Privilege Vulnerability (Zero day),Active,Vuln,3,,,,,11/24/2021 09:12:01,12/20/2021 16:43:46,142,,,,,CVE-2021-41379,,, This vulnerability allows an attacker with a standard (limited) user account to elevate their privileges to become an administrator. An attacker can leverage this vulnerability to escalate privileges and execute arbitrary code in the context of SYSTEM. This vulnerability works in every supporting windows installation. Including November 2021 patch.,"Successful Exploit could use discretionary access control list (DACL) for Microsoft Edge Elevation Service (MicrosoftEdgeElevationService) which is a Win32 service to replace any executable file on the system with an MSI file, allowing an attacker to run code as an administrator.",There are no vendor supplied patches available at this time.,,Microsoft Windows Elevation of Privilege Vulnerability - Zero Day Detected#,yes,Open,,Windows
10.64.167.62,amugtfhcm.virtusa.com,AMUGTFHCM,QAGENT,Windows Server 2019 Datacenter 64 bit Edition Version 1809 Build 17763,"host scanned, found vuln",91840,Microsoft Windows Elevation of Privilege Vulnerability (Zero day),Active,Vuln,3,,,,,11/24/2021 14:16:31,12/20/2021 19:06:18,127,,,,,CVE-2021-41379,,, This vulnerability allows an attacker with a standard (limited) user account to elevate their privileges to become an administrator. An attacker can leverage this vulnerability to escalate privileges and execute arbitrary code in the context of SYSTEM. This vulnerability works in every supporting windows installation. Including November 2021 patch.,"Successful Exploit could use discretionary access control list (DACL) for Microsoft Edge Elevation Service (MicrosoftEdgeElevationService) which is a Win32 service to replace any executable file on the system with an MSI file, allowing an attacker to run code as an administrator.",There are no vendor supplied patches available at this time.,,Microsoft Windows Elevation of Privilege Vulnerability - Zero Day Detected#,yes,Open,,Windows
10.64.167.44,amugtodemo05.virtusa.com,AMUGTODEMO05,QAGENT,Windows Server 2016 Datacenter 64 bit Edition Version 1607,"host scanned, found vuln",91840,Microsoft Windows Elevation of Privilege Vulnerability (Zero day),Active,Vuln,3,,,,,11/24/2021 13:29:12,12/20/2021 13:59:38,121,,,,,CVE-2021-41379,,, This vulnerability allows an attacker with a standard (limited) user account to elevate their privileges to become an administrator. An attacker can leverage this vulnerability to escalate privileges and execute arbitrary code in the context of SYSTEM. This vulnerability works in every supporting windows installation. Including November 2021 patch.,"Successful Exploit could use discretionary access control list (DACL) for Microsoft Edge Elevation Service (MicrosoftEdgeElevationService) which is a Win32 service to replace any executable file on the system with an MSI file, allowing an attacker to run code as an administrator.",There are no vendor supplied patches available at this time.,,Microsoft Windows Elevation of Privilege Vulnerability - Zero Day Detected#,yes,Open,,Windows
10.64.65.134,amugtfdemo1.virtusa.com,AMUGTFDEMO1,QAGENT,Windows Server 2019 Datacenter 64 bit Edition Version 1809 Build 17763,"host scanned, found vuln",91840,Microsoft Windows Elevation of Privilege Vulnerability (Zero day),Active,Vuln,3,,,,,11/24/2021 13:34:08,12/20/2021 19:16:45,143,,,,,CVE-2021-41379,,, This vulnerability allows an attacker with a standard (limited) user account to elevate their privileges to become an administrator. An attacker can leverage this vulnerability to escalate privileges and execute arbitrary code in the context of SYSTEM. This vulnerability works in every supporting windows installation. Including November 2021 patch.,"Successful Exploit could use discretionary access control list (DACL) for Microsoft Edge Elevation Service (MicrosoftEdgeElevationService) which is a Win32 service to replace any executable file on the system with an MSI file, allowing an attacker to run code as an administrator.",There are no vendor supplied patches available at this time.,,Microsoft Windows Elevation of Privilege Vulnerability - Zero Day Detected#,yes,Open,,Windows
10.62.102.9,azvgtosonar,,QAGENT,Ubuntu Linux 18.04.6,"host scanned, found vuln",376194,Apache Log4j Remote Code Execution (RCE) Vulnerability (Log4Shell),Active,Vuln,5,,,,,12/19/2021 09:43:12,12/20/2021 17:25:12,17,,,,,CVE-2021-45105,Apache Log4j,,"A zero-day exploit affecting the popular Apache Log4j utility (CVE-2021-45105) was made public on December 18, 2021 that results in remote code execution (RCE). 

 Affected versions: 
Log4j versions  2.x prior to and including  2.16.0 

 QID Detection: (Authenticated) 
This detection is based on querying the OS package managers on the target. If the target has a log4j package with a version less than 2.16.0, the target is flagged as vulnerable.

This detection logic for log4j updated by adding new QIDs. To find log4j installs using the locate command and ls proc command. These updates are in VULNSIGS-2_5_357 
On Windows system, the QID identifies vulnerable instance of log4j via WMI to check log4j included in the running processes via command-line.",Successful exploitation of this vulnerability could lead to  remote code execution (RCE) on the target.,"The vendor has released a fix for this vulnerability and the customers are advised to update their Log4j to the version 2.17.0. If updating the version is not possible, please refer to the mitigations mentioned here Log4j (https://logging.apache.org/log4j/2.x/security.html). 
 Patch: 
Following are links for downloading patches to fix the vulnerabilities:
  Apache Log4j (https://logging.apache.org/log4j/2.x/download.html)",,/mountdisk/sonarqube/sonarqube-7.9.1/elasticsearch/lib/log4j-core-2.16.0.jar#,yes,Open,,Local
10.62.101.8,azuspeedcp01,AZUSPEEDCP01,QAGENT,Windows Server 2019 Datacenter 64 bit Edition Version 1809 Build 17763,"host scanned, found vuln",91840,Microsoft Windows Elevation of Privilege Vulnerability (Zero day),Active,Vuln,3,,,,,11/24/2021 13:13:43,12/20/2021 15:29:54,132,,,,,CVE-2021-41379,,, This vulnerability allows an attacker with a standard (limited) user account to elevate their privileges to become an administrator. An attacker can leverage this vulnerability to escalate privileges and execute arbitrary code in the context of SYSTEM. This vulnerability works in every supporting windows installation. Including November 2021 patch.,"Successful Exploit could use discretionary access control list (DACL) for Microsoft Edge Elevation Service (MicrosoftEdgeElevationService) which is a Win32 service to replace any executable file on the system with an MSI file, allowing an attacker to run code as an administrator.",There are no vendor supplied patches available at this time.,,Microsoft Windows Elevation of Privilege Vulnerability - Zero Day Detected#,yes,Open,,Windows
"10.104.181.236, 172.22.228.93, 172.22.228.115",,,,,No results available for these hosts,,,,,,,,,,,,,,,,,,,,,,,,,,,,
"10.61.10.59, 10.61.10.63, 10.61.10.71, 10.61.10.74, 10.62.101.4, 10.62.101.6, 10.62.101.9-10.62.101.10, 10.62.101.12, 10.62.101.14-10.62.101.16, 10.62.101.21-10.62.101.22, 10.62.102.8, 10.62.102.12-10.62.102.15, 10.64.167.15, 10.64.167.22, 10.64.167.89, 10.64.167.116, 10.64.167.125, 10.64.167.172, 10.64.167.224, 10.64.167.244, 10.69.168.17, 10.69.168.40, 10.69.168.105, 10.69.168.144-10.69.168.145, 10.69.168.198, 10.69.168.212, 10.104.181.236, 172.22.128.20, 172.22.228.93, 172.22.228.115, 172.22.228.155, 172.22.228.168",,,,,No vulnerabilities match your filters for these hosts,,,,,,,,,,,,,,,,,,,,,,,,,,,,